{"cameraMode":{"drawMode":0,"name":"Shaded","section":"Shading Mode"},"sceneLighting":false,"audioPlay":false,"sceneViewState":{"m_AlwaysRefresh":false,"showFog":true,"showSkybox":false,"showFlares":true,"showImageEffects":true,"showParticleSystems":true,"showVisualEffectGraphs":true,"m_FxEnabled":true},"in2DMode":false,"pivot":{"x":0.09495329856872559,"y":55.534080505371097,"z":103.97089385986328},"rotation":{"x":0.07935003191232681,"y":0.7692862749099731,"z":-0.09744623303413391,"w":0.6264280676841736},"size":3.8815629482269289,"orthographic":false}