{"cameraMode":{"drawMode":0,"name":"Shaded","section":"Shading Mode"},"sceneLighting":false,"audioPlay":false,"sceneViewState":{"m_AlwaysRefresh":false,"showFog":true,"showSkybox":false,"showFlares":true,"showImageEffects":true,"showParticleSystems":true,"showVisualEffectGraphs":true,"m_FxEnabled":true},"in2DMode":false,"pivot":{"x":-2.7249999046325685,"y":0.4749999940395355,"z":-2.4749999046325685},"rotation":{"x":0.38186395168304446,"y":-0.24490275979042054,"z":0.10566804558038712,"w":0.8848758935928345},"size":3.7883870601654054,"orthographic":false}