{"cameraMode":{"drawMode":0,"name":"Shaded","section":"Shading Mode"},"sceneLighting":true,"audioPlay":false,"sceneViewState":{"m_AlwaysRefresh":false,"showFog":true,"showSkybox":true,"showFlares":true,"showImageEffects":true,"showParticleSystems":true,"showVisualEffectGraphs":true,"m_FxEnabled":true},"in2DMode":false,"pivot":{"x":-0.28474172949790957,"y":67.51255798339844,"z":82.00982666015625},"rotation":{"x":0.06708715111017227,"y":0.6759710907936096,"z":-0.06203756481409073,"w":0.7312828302383423},"size":26.766000747680665,"orthographic":false}